State,StateFull
NY,New York
GA,Georgia
NJ,New Jersey
GA,Georgia
CA,California
MT,Montana
CA,California
CA,California
TX,Texas
CO,Colorado
CO,Colorado
OK,Oklahoma
FL,Florida
ND,North Dakota
MA,Massachusetts
CA,California
SC,South Carolina
MO,Missouri
TX,Texas
LA,Louisiana
WA,Washington
NY,New York
WA,Washington
OH,Ohio
VA,Virginia
OH,Ohio
IA,Iowa
CA,California
CA,California
VT,Vermont
UT,Utah
OH,Ohio
AZ,Arizona
WA,Washington
MI,Michigan
CA,California
WV,West Virginia
NJ,New Jersey
MI,Michigan
FL,Florida
OH,Ohio
VA,Virginia
LA,Louisiana
MO,Missouri
IL,Illinois
UT,Utah
CA,California
NC,North Carolina
FL,Florida
ID,Idaho
CA,California
GA,Georgia
CA,California
IL,Illinois
,
CA,California
GA,Georgia
MI,Michigan
CT,Connecticut
TX,Texas
FL,Florida
CA,California
,
CA,California
TX,Texas
NJ,New Jersey
TX,Texas
AZ,Arizona
NJ,New Jersey
MA,Massachusetts
NC,North Carolina
IL,Illinois
VA,Virginia
PA,Pennsylvania
IL,Illinois
AZ,Arizona
KS,Kansas
MI,Michigan
WY,Wyoming
CT,Connecticut
IN,Indiana
NC,North Carolina
CA,California
TX,Texas
MO,Missouri
MN,Minnesota
NM,New Mexico
OR,Oregon
LA,Louisiana
NC,North Carolina
SC,South Carolina
AZ,Arizona
TX,Texas
CA,California
MI,Michigan
MI,Michigan
FL,Florida
MI,Michigan
NC,North Carolina
WV,West Virginia
SD,South Dakota
IL,Illinois
NY,New York
ID,Idaho
AZ,Arizona
,
CA,California
NC,North Carolina
NY,New York
GA,Georgia
FL,Florida
NY,New York
CA,California
,
AR,Arkansas
TX,Texas
AL,Alabama
MI,Michigan
KY,Kentucky
NC,North Carolina
WA,Washington
CO,Colorado
MI,Michigan
NE,Nebraska
NY,New York
CA,California
,
FL,Florida
IA,Iowa
NY,New York
GA,Georgia
FL,Florida
MS,Mississippi
FL,Florida
NY,New York
,
OH,Ohio
SC,South Carolina
TX,Texas
AL,Alabama
TN,Tennessee
MD,Maryland
WA,Washington
MI,Michigan
,
MN,Minnesota
NY,New York
MN,Minnesota
,
,
CA,California
UT,Utah
AL,Alabama
VA,Virginia
,
MS,Mississippi
FL,Florida
UT,Utah
NY,New York
OH,Ohio
NJ,New Jersey
CA,California
KS,Kansas
OH,Ohio
WI,Wisconsin
NY,New York
IL,Illinois
AZ,Arizona
MA,Massachusetts
MS,Mississippi
ND,North Dakota
PA,Pennsylvania
TX,Texas
IN,Indiana
KS,Kansas
OH,Ohio
OH,Ohio
,
NY,New York
TN,Tennessee
KS,Kansas
NV,Nevada
PA,Pennsylvania
CA,California
CA,California
OK,Oklahoma
NY,New York
CT,Connecticut
FL,Florida
AL,Alabama
IL,Illinois
CA,California
DE,Delaware
NY,New York
TX,Texas
NJ,New Jersey
FL,Florida
KS,Kansas
TX,Texas
NY,New York
NJ,New Jersey
CA,California
CT,Connecticut
PA,Pennsylvania
NY,New York
NC,North Carolina
CA,California
WI,Wisconsin
TX,Texas
CA,California
WI,Wisconsin
TX,Texas
AK,Alaska
IL,Illinois
LA,Louisiana
MD,Maryland
WI,Wisconsin
NY,New York
WA,Washington
AZ,Arizona
TX,Texas
CA,California
NC,North Carolina
TX,Texas
TX,Texas
,
NJ,New Jersey
IL,Illinois
FL,Florida
PA,Pennsylvania
AZ,Arizona
MI,Michigan
,
,
ND,North Dakota
,
,
OH,Ohio
TN,Tennessee
IL,Illinois
MI,Michigan
WI,Wisconsin
NY,New York
FL,Florida
PA,Pennsylvania
CA,California
OR,Oregon
MD,Maryland
GA,Georgia
CO,Colorado
SC,South Carolina
CA,California
FL,Florida
AL,Alabama
CA,California
OH,Ohio
NV,Nevada
FL,Florida
VA,Virginia
,
WA,Washington
NJ,New Jersey
ID,Idaho
NJ,New Jersey
CA,California
TN,Tennessee
IN,Indiana
MA,Massachusetts
,
NY,New York
WI,Wisconsin
CA,California
MA,Massachusetts
IA,Iowa
NC,North Carolina
PA,Pennsylvania
MO,Missouri
GA,Georgia
IL,Illinois
GA,Georgia
IL,Illinois
,
FL,Florida
TX,Texas
FL,Florida
MA,Massachusetts
MD,Maryland
CT,Connecticut
OR,Oregon
NY,New York
MN,Minnesota
TX,Texas
WI,Wisconsin
AZ,Arizona
CA,California
IL,Illinois
MI,Michigan
CA,California
CA,California
,
AZ,Arizona
TX,Texas
OK,Oklahoma
NJ,New Jersey
LA,Louisiana
FL,Florida
TN,Tennessee
IN,Indiana
IL,Illinois
CA,California
NC,North Carolina
NY,New York
MI,Michigan
TX,Texas
CA,California
NJ,New Jersey
OH,Ohio
MA,Massachusetts
TN,Tennessee
SC,South Carolina
NJ,New Jersey
NJ,New Jersey
OH,Ohio
OR,Oregon
FL,Florida
TX,Texas
MI,Michigan
NH,New Hampshire
TN,Tennessee
AL,Alabama
MD,Maryland
MI,Michigan
TX,Texas
FL,Florida
GA,Georgia
,
,
AR,Arkansas
NJ,New Jersey
NC,North Carolina
MA,Massachusetts
MO,Missouri
CA,California
CO,Colorado
NE,Nebraska
NY,New York
CO,Colorado
AL,Alabama
TX,Texas
MD,Maryland
WI,Wisconsin
WV,West Virginia
TX,Texas
CA,California
MD,Maryland
VA,Virginia
WA,Washington
CO,Colorado
FL,Florida
FL,Florida
WI,Wisconsin
MI,Michigan
LA,Louisiana
IN,Indiana
VA,Virginia
SC,South Carolina
CA,California
CA,California
AZ,Arizona
NY,New York
CA,California
,
,
TX,Texas
CA,California
HI,Hawaii
,
,
NC,North Carolina
IL,Illinois
NC,North Carolina
AR,Arkansas
MA,Massachusetts
CA,California
CA,California
NY,New York
IL,Illinois
CA,California
MS,Mississippi
SD,South Dakota
IN,Indiana
AZ,Arizona
IL,Illinois
SC,South Carolina
NY,New York
,
IL,Illinois
VA,Virginia
AR,Arkansas
TX,Texas
HI,Hawaii
TX,Texas
CA,California
FL,Florida
IL,Illinois
IL,Illinois
WI,Wisconsin
TX,Texas
MD,Maryland
CA,California
,
NV,Nevada
IN,Indiana
NC,North Carolina
PA,Pennsylvania
MA,Massachusetts
MO,Missouri
AR,Arkansas
MN,Minnesota
KS,Kansas
TN,Tennessee
NE,Nebraska
MN,Minnesota
MD,Maryland
VA,Virginia
VT,Vermont
MD,Maryland
LA,Louisiana
IL,Illinois
MD,Maryland
NJ,New Jersey
CA,California
TX,Texas
KS,Kansas
WY,Wyoming
NY,New York
ND,North Dakota
OH,Ohio
UT,Utah
IL,Illinois
CA,California
KS,Kansas
NJ,New Jersey
CA,California
MI,Michigan
MO,Missouri
OH,Ohio
NV,Nevada
CA,California
MI,Michigan
WI,Wisconsin
NE,Nebraska
IL,Illinois
OK,Oklahoma
TX,Texas
,
AL,Alabama
HI,Hawaii
CA,California
MO,Missouri
TX,Texas
,
IL,Illinois
CA,California
IL,Illinois
CA,California
GA,Georgia
CA,California
CA,California
WA,Washington
IL,Illinois
AL,Alabama
CA,California
MO,Missouri
,
AZ,Arizona
NY,New York
CA,California
IN,Indiana
RI,Rhode Island
FL,Florida
NJ,New Jersey
,
MA,Massachusetts
NC,North Carolina
NE,Nebraska
KS,Kansas
PA,Pennsylvania
OR,Oregon
ID,Idaho
TX,Texas
CA,California
OH,Ohio
CA,California
MO,Missouri
CO,Colorado
TN,Tennessee
ND,North Dakota
OK,Oklahoma
GA,Georgia
CA,California
CT,Connecticut
CA,California
TN,Tennessee
,
NY,New York
CT,Connecticut
GA,Georgia
AL,Alabama
NC,North Carolina
,
TX,Texas
NY,New York
MO,Missouri
SC,South Carolina
CA,California
AL,Alabama
IL,Illinois
CO,Colorado
CT,Connecticut
NY,New York
MN,Minnesota
MS,Mississippi
NY,New York
SC,South Carolina
NY,New York
TX,Texas
MO,Missouri
GA,Georgia
NY,New York
VA,Virginia
MI,Michigan
IL,Illinois
WA,Washington
NV,Nevada
KY,Kentucky
PA,Pennsylvania
VA,Virginia
ME,Maine
CT,Connecticut
CT,Connecticut
WA,Washington
TN,Tennessee
MA,Massachusetts
PA,Pennsylvania
AL,Alabama
KS,Kansas
MN,Minnesota
TN,Tennessee
ME,Maine
MI,Michigan
IA,Iowa
NJ,New Jersey
MD,Maryland
OK,Oklahoma
AL,Alabama
ND,North Dakota
WA,Washington
CO,Colorado
MN,Minnesota
LA,Louisiana
NY,New York
MI,Michigan
WY,Wyoming
CA,California
NC,North Carolina
OK,Oklahoma
MO,Missouri
NY,New York
CA,California
NY,New York
FL,Florida
MI,Michigan
CT,Connecticut
FL,Florida
GA,Georgia
KY,Kentucky
CA,California
LA,Louisiana
NJ,New Jersey
CA,California
TX,Texas
OK,Oklahoma
KY,Kentucky
OH,Ohio
OR,Oregon
TX,Texas
CA,California
FL,Florida
TX,Texas
IL,Illinois
CO,Colorado
CA,California
TN,Tennessee
MI,Michigan
CA,California
NC,North Carolina
PA,Pennsylvania
WA,Washington
PA,Pennsylvania
NY,New York
TX,Texas
IN,Indiana
TN,Tennessee
AZ,Arizona
NJ,New Jersey
ND,North Dakota
TX,Texas
MI,Michigan
CO,Colorado
MI,Michigan
IL,Illinois
AZ,Arizona
NC,North Carolina
WI,Wisconsin
MA,Massachusetts
PA,Pennsylvania
,
MA,Massachusetts
MN,Minnesota
MN,Minnesota
IL,Illinois
GA,Georgia
NC,North Carolina
FL,Florida
OH,Ohio
,
,
NY,New York
CT,Connecticut
NY,New York
OH,Ohio
ND,North Dakota
IN,Indiana
NE,Nebraska
AR,Arkansas
CA,California
NJ,New Jersey
GA,Georgia
WA,Washington
OR,Oregon
CA,California
MS,Mississippi
CA,California
GA,Georgia
PA,Pennsylvania
PA,Pennsylvania
WI,Wisconsin
NJ,New Jersey
FL,Florida
IN,Indiana
TX,Texas
WA,Washington
TX,Texas
NY,New York
MN,Minnesota
TX,Texas
IL,Illinois
AL,Alabama
AL,Alabama
SC,South Carolina
DC,Washington DC
CA,California
ID,Idaho
PA,Pennsylvania
ME,Maine
AZ,Arizona
IL,Illinois
AL,Alabama
VA,Virginia
FL,Florida
ID,Idaho
PA,Pennsylvania
NJ,New Jersey
CA,California
WA,Washington
KS,Kansas
MD,Maryland
PA,Pennsylvania
PA,Pennsylvania
FL,Florida
,
OH,Ohio
CA,California
MI,Michigan
NC,North Carolina
DC,Washington DC
MS,Mississippi
CA,California
FL,Florida
MS,Mississippi
MD,Maryland
MI,Michigan
AZ,Arizona
CA,California
MN,Minnesota
WA,Washington
TX,Texas
NJ,New Jersey
,
,
NY,New York
AK,Alaska
CA,California
,
IL,Illinois
OH,Ohio
GA,Georgia
NE,Nebraska
UT,Utah
IL,Illinois
MD,Maryland
,
IL,Illinois
FL,Florida
NV,Nevada
CA,California
,
,
LA,Louisiana
VA,Virginia
NC,North Carolina
FL,Florida
MI,Michigan
OR,Oregon
OK,Oklahoma
,
NY,New York
CA,California
MI,Michigan
NY,New York
CA,California
CA,California
NY,New York
,
NJ,New Jersey
OH,Ohio
CO,Colorado
ND,North Dakota
AL,Alabama
MA,Massachusetts
NC,North Carolina
OR,Oregon
IN,Indiana
NY,New York
LA,Louisiana
MA,Massachusetts
VT,Vermont
,
IL,Illinois
HI,Hawaii
AZ,Arizona
IA,Iowa
MI,Michigan
ID,Idaho
CO,Colorado
TX,Texas
OH,Ohio
MO,Missouri
NE,Nebraska
CA,California
GA,Georgia
CA,California
ME,Maine
MI,Michigan
MI,Michigan
MO,Missouri
TX,Texas
CA,California
OK,Oklahoma
VA,Virginia
OK,Oklahoma
CA,California
IL,Illinois
NJ,New Jersey
IN,Indiana
IL,Illinois
SC,South Carolina
TX,Texas
FL,Florida
PA,Pennsylvania
OH,Ohio
NY,New York
PA,Pennsylvania
CA,California
,
WV,West Virginia
WI,Wisconsin
NJ,New Jersey
OH,Ohio
NY,New York
CA,California
MI,Michigan
OK,Oklahoma
NY,New York
GA,Georgia
IL,Illinois
SC,South Carolina
IL,Illinois
AK,Alaska
TN,Tennessee
MA,Massachusetts
SD,South Dakota
NE,Nebraska
NJ,New Jersey
IL,Illinois
CO,Colorado
TX,Texas
PA,Pennsylvania
WA,Washington
AL,Alabama
VA,Virginia
CA,California
MN,Minnesota
,
FL,Florida
IL,Illinois
NJ,New Jersey
GA,Georgia
PA,Pennsylvania
VA,Virginia
CO,Colorado
IL,Illinois
WI,Wisconsin
IL,Illinois
NJ,New Jersey
,
WI,Wisconsin
OR,Oregon
WY,Wyoming
NH,New Hampshire
FL,Florida
ME,Maine
KY,Kentucky
NY,New York
KS,Kansas
NJ,New Jersey
MS,Mississippi
CA,California
PA,Pennsylvania
AL,Alabama
ID,Idaho
TX,Texas
CA,California
NH,New Hampshire
TX,Texas
VA,Virginia
WA,Washington
NY,New York
CA,California
LA,Louisiana
TX,Texas
NJ,New Jersey
CO,Colorado
WI,Wisconsin
HI,Hawaii
WY,Wyoming
UT,Utah
NC,North Carolina
TX,Texas
DE,Delaware
FL,Florida
,
CA,California
CA,California
FL,Florida
UT,Utah
LA,Louisiana
TX,Texas
NC,North Carolina
WA,Washington
NM,New Mexico
,
TN,Tennessee
VA,Virginia
MS,Mississippi
CA,California
CA,California
OH,Ohio
IL,Illinois
KY,Kentucky
OH,Ohio
DC,Washington DC
IL,Illinois
PA,Pennsylvania
WA,Washington
WA,Washington
VA,Virginia
FL,Florida
IL,Illinois
WA,Washington
CA,California
TX,Texas
AZ,Arizona
AL,Alabama
OH,Ohio
UT,Utah
NC,North Carolina
MS,Mississippi
TX,Texas
NY,New York
OH,Ohio
IA,Iowa
CO,Colorado
TN,Tennessee
MO,Missouri
VA,Virginia
MA,Massachusetts
NJ,New Jersey
NY,New York
OR,Oregon
KY,Kentucky
CA,California
CA,California
OR,Oregon
IL,Illinois
TX,Texas
MN,Minnesota
,
PA,Pennsylvania
TX,Texas
CA,California
WI,Wisconsin
TN,Tennessee
CA,California
,
IN,Indiana
IA,Iowa
AZ,Arizona
MN,Minnesota
OR,Oregon
NY,New York
AZ,Arizona
OK,Oklahoma
MN,Minnesota
CA,California
,
NY,New York
WA,Washington
IL,Illinois
TX,Texas
OH,Ohio
MI,Michigan
MI,Michigan
CA,California
CA,California
MO,Missouri
NC,North Carolina
IL,Illinois
MO,Missouri
CA,California
PA,Pennsylvania
NY,New York
NV,Nevada
MI,Michigan
,
,
,
MN,Minnesota
GA,Georgia
MS,Mississippi
FL,Florida
PA,Pennsylvania
GA,Georgia
OK,Oklahoma
IL,Illinois
NY,New York
,
IL,Illinois
CA,California
PA,Pennsylvania
CA,California
NY,New York
MS,Mississippi
PA,Pennsylvania
HI,Hawaii
,
CA,California
SC,South Carolina
LA,Louisiana
MI,Michigan
IL,Illinois
,
,
,
CA,California
TX,Texas
PA,Pennsylvania
NY,New York
KS,Kansas
WA,Washington
AZ,Arizona
IA,Iowa
MA,Massachusetts
MO,Missouri
CA,California
WY,Wyoming
VA,Virginia
,
,
KS,Kansas
SC,South Carolina
AL,Alabama
OH,Ohio
,
NC,North Carolina
TX,Texas
OR,Oregon
CA,California
IL,Illinois
PA,Pennsylvania
CA,California
CA,California
MA,Massachusetts
,
KS,Kansas
NM,New Mexico
,
,
MS,Mississippi
ME,Maine
FL,Florida
GA,Georgia
VA,Virginia
TN,Tennessee
,
,
AK,Alaska
NY,New York
IN,Indiana
MN,Minnesota
IN,Indiana
LA,Louisiana
FL,Florida
,
FL,Florida
MI,Michigan
NJ,New Jersey
CA,California
GA,Georgia
CA,California
LA,Louisiana
OK,Oklahoma
FL,Florida
WA,Washington
TX,Texas
IL,Illinois
,
,
TN,Tennessee
OH,Ohio
PA,Pennsylvania
OH,Ohio
FL,Florida
CA,California
WA,Washington
ID,Idaho
MI,Michigan
IL,Illinois
NC,North Carolina
NJ,New Jersey
NY,New York
IN,Indiana
MI,Michigan
MT,Montana
NY,New York
,
HI,Hawaii
MA,Massachusetts
NJ,New Jersey
MI,Michigan
LA,Louisiana
OK,Oklahoma
NC,North Carolina
,
,
RI,Rhode Island
VA,Virginia
FL,Florida
AR,Arkansas
NY,New York
CO,Colorado
,
,
KY,Kentucky
NY,New York
MD,Maryland
MO,Missouri
FL,Florida
NV,Nevada
MO,Missouri
MD,Maryland
MO,Missouri
MD,Maryland
MI,Michigan
IL,Illinois
SC,South Carolina
IL,Illinois
TN,Tennessee
TN,Tennessee
TX,Texas
MA,Massachusetts
MN,Minnesota
AZ,Arizona
,
NC,North Carolina
KY,Kentucky
IL,Illinois
NY,New York
,
,
UT,Utah
OH,Ohio
CA,California
CA,California
DC,Washington DC
,
NY,New York
ND,North Dakota
NJ,New Jersey
MA,Massachusetts
NJ,New Jersey
CO,Colorado
NY,New York
IN,Indiana
,
IN,Indiana
SC,South Carolina
TX,Texas
,
,
AZ,Arizona
MO,Missouri
NY,New York
MO,Missouri
HI,Hawaii
MD,Maryland
CT,Connecticut
MO,Missouri
FL,Florida
,
,
CA,California
TN,Tennessee
KY,Kentucky
OH,Ohio
IL,Illinois
MT,Montana
LA,Louisiana
MI,Michigan
,
NJ,New Jersey
OR,Oregon
AL,Alabama
CA,California
WI,Wisconsin
CA,California
NV,Nevada
KS,Kansas
CA,California
MI,Michigan
MD,Maryland
NY,New York
AL,Alabama
,
,
KY,Kentucky
WI,Wisconsin
FL,Florida
TX,Texas
FL,Florida
,
,
NJ,New Jersey
GA,Georgia
OH,Ohio
NV,Nevada
TX,Texas
PA,Pennsylvania
KS,Kansas
HI,Hawaii
TX,Texas
OK,Oklahoma
FL,Florida
CA,California
,
MI,Michigan
CA,California
IN,Indiana
TX,Texas
MA,Massachusetts
CA,California
FL,Florida
SC,South Carolina
NH,New Hampshire
TX,Texas
OH,Ohio
CA,California
,
VA,Virginia
IL,Illinois
MO,Missouri
CO,Colorado
TN,Tennessee
LA,Louisiana
TX,Texas
IN,Indiana
NY,New York
KY,Kentucky
NV,Nevada
MD,Maryland
NY,New York
CA,California
AZ,Arizona
CA,California
MD,Maryland
IL,Illinois
MT,Montana
VA,Virginia
NJ,New Jersey
CA,California
NY,New York
NY,New York
PA,Pennsylvania
IA,Iowa
ND,North Dakota
FL,Florida
GA,Georgia
MA,Massachusetts
MN,Minnesota
IL,Illinois
MA,Massachusetts
MA,Massachusetts
FL,Florida
SC,South Carolina
NJ,New Jersey
,
PA,Pennsylvania
NJ,New Jersey
CA,California
NY,New York
MN,Minnesota
CT,Connecticut
CA,California
CA,California
OH,Ohio
PA,Pennsylvania
NY,New York
KY,Kentucky
KY,Kentucky
AL,Alabama
PA,Pennsylvania
LA,Louisiana
PA,Pennsylvania
MI,Michigan
DC,Washington DC
MI,Michigan
AR,Arkansas
IL,Illinois
OH,Ohio
,
,
,
MS,Mississippi
MD,Maryland
HI,Hawaii
PA,Pennsylvania
MD,Maryland
IN,Indiana
FL,Florida
AL,Alabama
IL,Illinois
VA,Virginia
IL,Illinois
MA,Massachusetts
VA,Virginia
IL,Illinois
WI,Wisconsin
PA,Pennsylvania
IL,Illinois
CA,California
GA,Georgia
TX,Texas
PA,Pennsylvania
CT,Connecticut
MI,Michigan
TX,Texas
VA,Virginia
SC,South Carolina
TN,Tennessee
IL,Illinois
MD,Maryland
TX,Texas
NC,North Carolina
OH,Ohio
AR,Arkansas
CA,California
IN,Indiana
IN,Indiana
IN,Indiana
TX,Texas
PA,Pennsylvania
CA,California
CA,California
IL,Illinois
NY,New York
AL,Alabama
,
NC,North Carolina
NY,New York
PA,Pennsylvania
AR,Arkansas
PA,Pennsylvania
MN,Minnesota
IL,Illinois
WA,Washington
KY,Kentucky
MS,Mississippi
KY,Kentucky
IL,Illinois
TX,Texas
IL,Illinois
VA,Virginia
NM,New Mexico
IN,Indiana
CA,California
CA,California
CA,California
IL,Illinois
VA,Virginia
FL,Florida
CA,California
MI,Michigan
TX,Texas
MO,Missouri
DC,Washington DC
TX,Texas
PA,Pennsylvania
TN,Tennessee
TX,Texas
NJ,New Jersey
TX,Texas
CA,California
NY,New York
IL,Illinois
IL,Illinois
TX,Texas
VA,Virginia
FL,Florida
GA,Georgia
MA,Massachusetts
NC,North Carolina
MI,Michigan
IL,Illinois
FL,Florida
CT,Connecticut
TN,Tennessee
WA,Washington
OR,Oregon
NC,North Carolina
CA,California
LA,Louisiana
CT,Connecticut
CO,Colorado
IN,Indiana
NY,New York
AL,Alabama
FL,Florida
MA,Massachusetts
NJ,New Jersey
TX,Texas
AL,Alabama
TX,Texas
MI,Michigan
IL,Illinois
VA,Virginia
IN,Indiana
MA,Massachusetts
IL,Illinois
ID,Idaho
VA,Virginia
MD,Maryland
NC,North Carolina
TN,Tennessee
GA,Georgia
MD,Maryland
WI,Wisconsin
FL,Florida
OK,Oklahoma
MA,Massachusetts
NC,North Carolina
WI,Wisconsin
TX,Texas
CA,California
WV,West Virginia
CA,California
AZ,Arizona
FL,Florida
TN,Tennessee
IL,Illinois
IL,Illinois
WA,Washington
MA,Massachusetts
AR,Arkansas
AZ,Arizona
UT,Utah
TX,Texas
FL,Florida
OK,Oklahoma
CA,California
IL,Illinois
IL,Illinois
CA,California
MD,Maryland
WA,Washington
LA,Louisiana
CA,California
NC,North Carolina
LA,Louisiana
WI,Wisconsin
CO,Colorado
,
,
TX,Texas
NC,North Carolina
NJ,New Jersey
CO,Colorado
RI,Rhode Island
MA,Massachusetts
NJ,New Jersey
NY,New York
KS,Kansas
KS,Kansas
IA,Iowa
MN,Minnesota
OR,Oregon
NY,New York
WA,Washington
AL,Alabama
OR,Oregon
MA,Massachusetts
TX,Texas
PA,Pennsylvania
NE,Nebraska
LA,Louisiana
PA,Pennsylvania
CA,California
CA,California
UT,Utah
KY,Kentucky
IN,Indiana
TX,Texas
NM,New Mexico
NY,New York
MI,Michigan
IN,Indiana
OK,Oklahoma
CO,Colorado
PA,Pennsylvania
GA,Georgia
NJ,New Jersey
WV,West Virginia
PA,Pennsylvania
PA,Pennsylvania
TX,Texas
NE,Nebraska
IN,Indiana
NC,North Carolina
TX,Texas
NJ,New Jersey
GA,Georgia
TX,Texas
WA,Washington
WA,Washington
NH,New Hampshire
CA,California
PA,Pennsylvania
CT,Connecticut
NY,New York
TN,Tennessee
MO,Missouri
IL,Illinois
TN,Tennessee
MI,Michigan
NY,New York
MI,Michigan
GA,Georgia
MD,Maryland
NY,New York
CA,California
AK,Alaska
MI,Michigan
NV,Nevada
NY,New York
TX,Texas
TX,Texas
CT,Connecticut
CT,Connecticut
TX,Texas
ID,Idaho
IL,Illinois
KS,Kansas
CA,California
AR,Arkansas
WI,Wisconsin
UT,Utah
CA,California
TX,Texas
IN,Indiana
MO,Missouri
FL,Florida
KS,Kansas
MO,Missouri
FL,Florida
ID,Idaho
MI,Michigan
VA,Virginia
MI,Michigan
MN,Minnesota
NY,New York
IL,Illinois
CA,California
CA,California
AK,Alaska
MA,Massachusetts
CA,California
CA,California
AK,Alaska
IL,Illinois
OK,Oklahoma
MO,Missouri
NY,New York
NE,Nebraska
FL,Florida
WA,Washington
TX,Texas
CA,California
MI,Michigan
PA,Pennsylvania
MO,Missouri
NC,North Carolina
NY,New York
NJ,New Jersey
UT,Utah
FL,Florida
MD,Maryland
NY,New York
CO,Colorado
OH,Ohio
MI,Michigan
TN,Tennessee
FL,Florida
VA,Virginia
MD,Maryland
IN,Indiana
OH,Ohio
IL,Illinois
VA,Virginia
IL,Illinois
MD,Maryland
KY,Kentucky
NC,North Carolina
MI,Michigan
IL,Illinois
TN,Tennessee
GA,Georgia
TN,Tennessee
CA,California
ID,Idaho
IN,Indiana
KY,Kentucky
FL,Florida
NJ,New Jersey
MO,Missouri
IL,Illinois
IL,Illinois
,
,
,
,
MO,Missouri
CA,California
FL,Florida
MO,Missouri
MS,Mississippi
AL,Alabama
IL,Illinois
TX,Texas
MO,Missouri
NV,Nevada
KY,Kentucky
AR,Arkansas
UT,Utah
NY,New York
WI,Wisconsin
MA,Massachusetts
AL,Alabama
GA,Georgia
MN,Minnesota
IL,Illinois
IA,Iowa
NC,North Carolina
MN,Minnesota
GA,Georgia
IL,Illinois
IL,Illinois
MS,Mississippi
MN,Minnesota
IA,Iowa
FL,Florida
CT,Connecticut
CA,California
,
GA,Georgia
IL,Illinois
TN,Tennessee
MO,Missouri
IL,Illinois
TX,Texas
PA,Pennsylvania
AZ,Arizona
MS,Mississippi
AZ,Arizona
NC,North Carolina
CA,California
NY,New York
WA,Washington
FL,Florida
CT,Connecticut
FL,Florida
MA,Massachusetts
NC,North Carolina
FL,Florida
IA,Iowa
MA,Massachusetts
CA,California
FL,Florida
,
,
CA,California
WI,Wisconsin
MD,Maryland
VA,Virginia
VA,Virginia
TX,Texas
NY,New York
AK,Alaska
CA,California
NY,New York
AR,Arkansas
CA,California
IN,Indiana
LA,Louisiana
PA,Pennsylvania
PA,Pennsylvania
VA,Virginia
NY,New York
IL,Illinois
TN,Tennessee
MA,Massachusetts
OK,Oklahoma
MS,Mississippi
TX,Texas
TX,Texas
TN,Tennessee
MI,Michigan
VA,Virginia
FL,Florida
NM,New Mexico
TN,Tennessee
TX,Texas
VA,Virginia
SC,South Carolina
NM,New Mexico
AR,Arkansas
KY,Kentucky
TN,Tennessee
CA,California
TX,Texas
FL,Florida
OH,Ohio
MO,Missouri
CA,California
CA,California
NY,New York
MI,Michigan
NY,New York
NY,New York
MD,Maryland
FL,Florida
TX,Texas
,
,
MI,Michigan
CA,California
AR,Arkansas
WV,West Virginia
CA,California
CA,California
IL,Illinois
VA,Virginia
DC,Washington DC
WA,Washington
CT,Connecticut
MA,Massachusetts
NY,New York
,
,
NE,Nebraska
KS,Kansas
NC,North Carolina
CA,California
WI,Wisconsin
WV,West Virginia
SC,South Carolina
MS,Mississippi
NY,New York
PA,Pennsylvania
MA,Massachusetts
IA,Iowa
CA,California
IN,Indiana
WI,Wisconsin
TX,Texas
,
FL,Florida
MA,Massachusetts
NY,New York
CO,Colorado
OH,Ohio
MN,Minnesota
PA,Pennsylvania
,
GA,Georgia
FL,Florida
AK,Alaska
WI,Wisconsin
NJ,New Jersey
CA,California
CA,California
MA,Massachusetts
OK,Oklahoma
KS,Kansas
ID,Idaho
WA,Washington
MS,Mississippi
IN,Indiana
FL,Florida
FL,Florida
CA,California
UT,Utah
AZ,Arizona
NY,New York
MA,Massachusetts
MI,Michigan
IN,Indiana
CA,California
NY,New York
NY,New York
NY,New York
CO,Colorado
NJ,New Jersey
,
,
NC,North Carolina
VA,Virginia
NM,New Mexico
IA,Iowa
AK,Alaska
AL,Alabama
WA,Washington
SD,South Dakota
MS,Mississippi
CO,Colorado
CA,California
IL,Illinois
MI,Michigan
OH,Ohio
OK,Oklahoma
FL,Florida
IL,Illinois
NE,Nebraska
WI,Wisconsin
WA,Washington
MS,Mississippi
KY,Kentucky
,
TX,Texas
CA,California
TX,Texas
CA,California
PA,Pennsylvania
MS,Mississippi
CA,California
KS,Kansas
TX,Texas
IL,Illinois
KY,Kentucky
,
,
,
AL,Alabama
IL,Illinois
TN,Tennessee
NM,New Mexico
KS,Kansas
OH,Ohio
NY,New York
NJ,New Jersey
CA,California
,
,
MD,Maryland
NY,New York
OH,Ohio
NJ,New Jersey
CA,California
MI,Michigan
NY,New York
GA,Georgia
CA,California
NE,Nebraska
AL,Alabama
MI,Michigan
NY,New York
CO,Colorado
CA,California
MI,Michigan
ID,Idaho
CA,California
CA,California
OK,Oklahoma
MA,Massachusetts
IA,Iowa
NJ,New Jersey
MN,Minnesota
FL,Florida
PA,Pennsylvania
NH,New Hampshire
NJ,New Jersey
IL,Illinois
KS,Kansas
,
,
PA,Pennsylvania
NE,Nebraska
CA,California
CA,California
WV,West Virginia
CA,California
CA,California
NE,Nebraska
AZ,Arizona
TX,Texas
KY,Kentucky
IL,Illinois
SC,South Carolina
MI,Michigan
CA,California
FL,Florida
NC,North Carolina
AZ,Arizona
MS,Mississippi
WI,Wisconsin
,
CT,Connecticut
OH,Ohio
IL,Illinois
AR,Arkansas
AZ,Arizona
NY,New York
NY,New York
,
,
CA,California
MD,Maryland
CA,California
CA,California
NC,North Carolina
IL,Illinois
FL,Florida
AL,Alabama
MS,Mississippi
CA,California
PA,Pennsylvania
CA,California
MI,Michigan
TX,Texas
CA,California
VT,Vermont
OH,Ohio
TX,Texas
,
,
,
MN,Minnesota
ID,Idaho
IN,Indiana
OH,Ohio
GA,Georgia
KS,Kansas
,
,
CT,Connecticut
OH,Ohio
NY,New York
KS,Kansas
CA,California
CA,California
,
MN,Minnesota
NH,New Hampshire
CA,California
,
MA,Massachusetts
PA,Pennsylvania
CA,California
,
,
,
GA,Georgia
NC,North Carolina
CO,Colorado
MI,Michigan
,
NC,North Carolina
LA,Louisiana
CA,California
CT,Connecticut
,
,
NC,North Carolina
VA,Virginia
TX,Texas
IL,Illinois
WV,West Virginia
MI,Michigan
IL,Illinois
WI,Wisconsin
,
,
TX,Texas
VA,Virginia
,
,
,
NC,North Carolina
VA,Virginia
OH,Ohio
,
,
NY,New York
CA,California
NJ,New Jersey
PA,Pennsylvania
WA,Washington
MD,Maryland
IN,Indiana
,
KS,Kansas
CA,California
WA,Washington
ND,North Dakota
NE,Nebraska
NY,New York
IN,Indiana
NY,New York
CA,California
VA,Virginia
AZ,Arizona
WI,Wisconsin
CO,Colorado
CA,California
,
,
ID,Idaho
MI,Michigan
NJ,New Jersey
SC,South Carolina
TX,Texas
CA,California
FL,Florida
TX,Texas
,
,
OH,Ohio
FL,Florida
WA,Washington
NY,New York
CA,California
NJ,New Jersey
,
,
,
WA,Washington
SC,South Carolina
MN,Minnesota
PA,Pennsylvania
NJ,New Jersey
MO,Missouri
CA,California
PA,Pennsylvania
NE,Nebraska
,
NC,North Carolina
NC,North Carolina
UT,Utah
IL,Illinois
NC,North Carolina
NJ,New Jersey
FL,Florida
,
,
OH,Ohio
CO,Colorado
,
,
,
TN,Tennessee
TX,Texas
OH,Ohio
AR,Arkansas
NC,North Carolina
GA,Georgia
,
CA,California
DC,Washington DC
MI,Michigan
ND,North Dakota
,
OK,Oklahoma
TX,Texas
IL,Illinois
PA,Pennsylvania
TN,Tennessee
CT,Connecticut
OH,Ohio
CO,Colorado
IA,Iowa
,
,
IA,Iowa
DE,Delaware
CA,California
AZ,Arizona
NY,New York
NY,New York
OR,Oregon
KY,Kentucky
CA,California
CA,California
MS,Mississippi
WA,Washington
MO,Missouri
MI,Michigan
IN,Indiana
TX,Texas
,
,
,
,
TX,Texas
MT,Montana
MA,Massachusetts
IA,Iowa
AR,Arkansas
CA,California
TN,Tennessee
MI,Michigan
PA,Pennsylvania
AL,Alabama
NC,North Carolina
CA,California
NY,New York
,
,
,
,
PA,Pennsylvania
TX,Texas
TX,Texas
TX,Texas
NY,New York
,
SC,South Carolina
CT,Connecticut
ND,North Dakota
CO,Colorado
OR,Oregon
TX,Texas
,
,
,
,
CA,California
AZ,Arizona
MI,Michigan
NY,New York
GA,Georgia
,
KS,Kansas
OH,Ohio
CA,California
CA,California
,
,
PA,Pennsylvania
TX,Texas
TN,Tennessee
NY,New York
WA,Washington
OK,Oklahoma
SD,South Dakota
NC,North Carolina
IL,Illinois
IL,Illinois
NY,New York
WA,Washington
,
,
,
,
FL,Florida
CA,California
,
,
MI,Michigan
NJ,New Jersey
NY,New York
,
,
,
TX,Texas
MN,Minnesota
VA,Virginia
NY,New York
NY,New York
MD,Maryland
CA,California
MI,Michigan
,
TX,Texas
AL,Alabama
IL,Illinois
NE,Nebraska
,
FL,Florida
MA,Massachusetts
MN,Minnesota
NE,Nebraska
PA,Pennsylvania
CA,California
TN,Tennessee
NY,New York
IL,Illinois
FL,Florida
FL,Florida
KS,Kansas
AL,Alabama
KS,Kansas
MN,Minnesota
PA,Pennsylvania
TX,Texas
FL,Florida
PA,Pennsylvania
,
MA,Massachusetts
IL,Illinois
UT,Utah
AL,Alabama
ND,North Dakota
PA,Pennsylvania
UT,Utah
IN,Indiana
CA,California
TX,Texas
DE,Delaware
CA,California
TX,Texas
NJ,New Jersey
CA,California
CA,California
,
,
,
FL,Florida
FL,Florida
MI,Michigan
SC,South Carolina
NC,North Carolina
MA,Massachusetts
KS,Kansas
FL,Florida
OK,Oklahoma
AL,Alabama
,
AR,Arkansas
GA,Georgia
IL,Illinois
KY,Kentucky
TX,Texas
PA,Pennsylvania
VT,Vermont
NC,North Carolina
MD,Maryland
AK,Alaska
NC,North Carolina
OH,Ohio
CT,Connecticut
NY,New York
ND,North Dakota
TX,Texas
KY,Kentucky
TX,Texas
PA,Pennsylvania
,
NJ,New Jersey
WI,Wisconsin
NY,New York
VA,Virginia
VA,Virginia
OH,Ohio
NC,North Carolina
LA,Louisiana
WA,Washington
WA,Washington
,
,
,
,
,
MN,Minnesota
IL,Illinois
CA,California
CA,California
VT,Vermont
LA,Louisiana
VT,Vermont
MN,Minnesota
OH,Ohio
OH,Ohio
,
,
VT,Vermont
TN,Tennessee
LA,Louisiana
IA,Iowa
NJ,New Jersey
VA,Virginia
MN,Minnesota
TX,Texas
AZ,Arizona
,
,
,
KY,Kentucky
CA,California
TX,Texas
CT,Connecticut
AR,Arkansas
NV,Nevada
GA,Georgia
WA,Washington
NV,Nevada
KY,Kentucky
PA,Pennsylvania
LA,Louisiana
IL,Illinois
NY,New York
MS,Mississippi
OH,Ohio
TX,Texas
GA,Georgia
,
,
CA,California
UT,Utah
CA,California
IN,Indiana
CA,California
RI,Rhode Island
FL,Florida
LA,Louisiana
NE,Nebraska
,
MI,Michigan
AZ,Arizona
NJ,New Jersey
KY,Kentucky
SC,South Carolina
NY,New York
,
,
PA,Pennsylvania
IL,Illinois
CA,California
NE,Nebraska
TX,Texas
NY,New York
AL,Alabama
SC,South Carolina
,
PA,Pennsylvania
VA,Virginia
NY,New York
LA,Louisiana
MN,Minnesota
CA,California
NE,Nebraska
VT,Vermont
PA,Pennsylvania
MN,Minnesota
,
,
NJ,New Jersey
DC,Washington DC
TX,Texas
MN,Minnesota
CA,California
OK,Oklahoma
ND,North Dakota
AK,Alaska
TX,Texas
ND,North Dakota
MI,Michigan
MD,Maryland
FL,Florida
,
,
AL,Alabama
CT,Connecticut
DE,Delaware
IL,Illinois
OR,Oregon
,
,
,
,
NY,New York
FL,Florida
TX,Texas
OR,Oregon
NV,Nevada
TX,Texas
OH,Ohio
CA,California
KY,Kentucky
CA,California
CO,Colorado
,
,
TX,Texas
FL,Florida
PA,Pennsylvania
TN,Tennessee
HI,Hawaii
,
MI,Michigan
CO,Colorado
ME,Maine
NJ,New Jersey
TX,Texas
LA,Louisiana
,
OH,Ohio
GA,Georgia
CA,California
FL,Florida
WI,Wisconsin
CA,California
WI,Wisconsin
TX,Texas
MD,Maryland
MN,Minnesota
MO,Missouri
MN,Minnesota
,
,
,
DE,Delaware
TX,Texas
AZ,Arizona
OH,Ohio
MO,Missouri
TX,Texas
KY,Kentucky
CA,California
GA,Georgia
TX,Texas
VA,Virginia
NJ,New Jersey
TX,Texas
CA,California
AR,Arkansas
NY,New York
VA,Virginia
FL,Florida
TX,Texas
OK,Oklahoma
,
,
,
,
MI,Michigan
CA,California
AZ,Arizona
CA,California
MA,Massachusetts
NJ,New Jersey
MD,Maryland
MI,Michigan
OH,Ohio
IL,Illinois
MO,Missouri
NJ,New Jersey
TX,Texas
MD,Maryland
MI,Michigan
PA,Pennsylvania
FL,Florida
WA,Washington
WV,West Virginia
NY,New York
TX,Texas
OH,Ohio
PA,Pennsylvania
IL,Illinois
MN,Minnesota
IA,Iowa
TN,Tennessee
KS,Kansas
PA,Pennsylvania
TX,Texas
TX,Texas
VT,Vermont
,
,
,
,
,
MI,Michigan
VA,Virginia
CO,Colorado
TX,Texas
NY,New York
AZ,Arizona
NY,New York
SD,South Dakota
LA,Louisiana
NJ,New Jersey
TX,Texas
OK,Oklahoma
IL,Illinois
CO,Colorado
CA,California
MN,Minnesota
IL,Illinois
WI,Wisconsin
NY,New York
NY,New York
VA,Virginia
FL,Florida
FL,Florida
WA,Washington
OR,Oregon
ID,Idaho
MA,Massachusetts
NY,New York
TN,Tennessee
AL,Alabama
LA,Louisiana
WA,Washington
IN,Indiana
,
NY,New York
MO,Missouri
PA,Pennsylvania
WA,Washington
WI,Wisconsin
PA,Pennsylvania
TX,Texas
WA,Washington
GA,Georgia
PA,Pennsylvania
IL,Illinois
NJ,New Jersey
AR,Arkansas
MI,Michigan
TX,Texas
NV,Nevada
CA,California
SD,South Dakota
,
,
,
,
TX,Texas
TX,Texas
TN,Tennessee
MD,Maryland
MD,Maryland
KS,Kansas
SC,South Carolina
NC,North Carolina
TX,Texas
FL,Florida
MA,Massachusetts
OR,Oregon
LA,Louisiana
RI,Rhode Island
NJ,New Jersey
IL,Illinois
NC,North Carolina
MI,Michigan
TX,Texas
NJ,New Jersey
LA,Louisiana
TX,Texas
TN,Tennessee
MA,Massachusetts
FL,Florida
WA,Washington
WA,Washington
MI,Michigan
FL,Florida
,
,
,
OH,Ohio
,
PA,Pennsylvania
SC,South Carolina
PA,Pennsylvania
CA,California
MA,Massachusetts
FL,Florida
ND,North Dakota
CA,California
KS,Kansas
NJ,New Jersey
AZ,Arizona
WI,Wisconsin
TX,Texas
MS,Mississippi
CA,California
PA,Pennsylvania
CA,California
MN,Minnesota
GA,Georgia
FL,Florida
AZ,Arizona
NC,North Carolina
MO,Missouri
VT,Vermont
GA,Georgia
AR,Arkansas
AL,Alabama
OH,Ohio
NY,New York
CO,Colorado
MN,Minnesota
,
,
,
,
,
IL,Illinois
VA,Virginia
CA,California
NY,New York
FL,Florida
IL,Illinois
MS,Mississippi
IN,Indiana
OH,Ohio
PA,Pennsylvania
OH,Ohio
GA,Georgia
WA,Washington
NC,North Carolina
CA,California
MA,Massachusetts
CA,California
FL,Florida
MI,Michigan
CA,California
CA,California
NY,New York
MD,Maryland
PA,Pennsylvania
TX,Texas
MD,Maryland
NM,New Mexico
VA,Virginia
MO,Missouri
SD,South Dakota
VA,Virginia
,
,
,
,
,
CO,Colorado
IL,Illinois
WA,Washington
NJ,New Jersey
TX,Texas
MN,Minnesota
CA,California
MD,Maryland
MI,Michigan
OH,Ohio
CA,California
OH,Ohio
OH,Ohio
NY,New York
WA,Washington
MS,Mississippi
MA,Massachusetts
MI,Michigan
MI,Michigan
AZ,Arizona
MI,Michigan
NJ,New Jersey
TN,Tennessee
CA,California
MO,Missouri
MD,Maryland
NJ,New Jersey
PA,Pennsylvania
FL,Florida
GA,Georgia
TX,Texas
CA,California
TX,Texas
IL,Illinois
IN,Indiana
WA,Washington
KY,Kentucky
AZ,Arizona
CA,California
CA,California
TX,Texas
CA,California
IN,Indiana
MD,Maryland
DE,Delaware
,
,
MA,Massachusetts
NC,North Carolina
CA,California
OK,Oklahoma
IN,Indiana
CA,California
VA,Virginia
TX,Texas
NY,New York
TX,Texas
NC,North Carolina
ID,Idaho
OH,Ohio
OR,Oregon
WV,West Virginia
CA,California
MA,Massachusetts
FL,Florida
FL,Florida
SC,South Carolina
CA,California
NY,New York
,
,
,
KS,Kansas
KY,Kentucky
MO,Missouri
NM,New Mexico
CA,California
NJ,New Jersey
,
LA,Louisiana
TX,Texas
MN,Minnesota
TX,Texas
OR,Oregon
TX,Texas
CA,California
LA,Louisiana
OK,Oklahoma
WY,Wyoming
MS,Mississippi
IL,Illinois
WI,Wisconsin
IL,Illinois
,
,
KY,Kentucky
CA,California
AZ,Arizona
IL,Illinois
AR,Arkansas
MS,Mississippi
MT,Montana
MO,Missouri
TX,Texas
GA,Georgia
TX,Texas
,
,
,
,
WI,Wisconsin
GA,Georgia
OH,Ohio
ME,Maine
KY,Kentucky
FL,Florida
IL,Illinois
MA,Massachusetts
CA,California
WA,Washington
NJ,New Jersey
VT,Vermont
NY,New York
VA,Virginia
,
,
FL,Florida
WA,Washington
TX,Texas
AZ,Arizona
MA,Massachusetts
,
,
MI,Michigan
KS,Kansas
MS,Mississippi
MA,Massachusetts
IL,Illinois
MO,Missouri
AZ,Arizona
AZ,Arizona
TX,Texas
AZ,Arizona
IL,Illinois
OH,Ohio
KY,Kentucky
TX,Texas
MO,Missouri
MN,Minnesota
,
NY,New York
OR,Oregon
CA,California
GA,Georgia
PA,Pennsylvania
,
,
AL,Alabama
IL,Illinois
NY,New York
PA,Pennsylvania
TX,Texas
WI,Wisconsin
CA,California
LA,Louisiana
CA,California
MI,Michigan
KS,Kansas
CA,California
,
KY,Kentucky
IL,Illinois
FL,Florida
WI,Wisconsin
TX,Texas
FL,Florida
NC,North Carolina
MI,Michigan
FL,Florida
KS,Kansas
LA,Louisiana
,
,
,
ME,Maine
OK,Oklahoma
DC,Washington DC
NC,North Carolina
FL,Florida
MA,Massachusetts
,
OH,Ohio
GA,Georgia
VT,Vermont
MA,Massachusetts
AL,Alabama
CT,Connecticut
,
CA,California
TX,Texas
LA,Louisiana
VA,Virginia
NM,New Mexico
AZ,Arizona
TX,Texas
TX,Texas
SC,South Carolina
GA,Georgia
CA,California
PA,Pennsylvania
SC,South Carolina
NE,Nebraska
IL,Illinois
ND,North Dakota
,
CA,California
IA,Iowa
KY,Kentucky
,
IA,Iowa
MA,Massachusetts
GA,Georgia
CA,California
LA,Louisiana
TX,Texas
TX,Texas
CA,California
,
,
CA,California
IL,Illinois
MD,Maryland
LA,Louisiana
DE,Delaware
PA,Pennsylvania
NJ,New Jersey
NY,New York
,
MO,Missouri
TX,Texas
AK,Alaska
NY,New York
MA,Massachusetts
MI,Michigan
,
NY,New York
OK,Oklahoma
MS,Mississippi
MN,Minnesota
MO,Missouri
NC,North Carolina
MD,Maryland
,
,
,
,
PA,Pennsylvania
NJ,New Jersey
CA,California
WI,Wisconsin
WV,West Virginia
CA,California
IA,Iowa
FL,Florida
ME,Maine
TX,Texas
KS,Kansas
GA,Georgia
OH,Ohio
OR,Oregon
MI,Michigan
FL,Florida
ME,Maine
NC,North Carolina
,
,
,
,
,
KS,Kansas
OR,Oregon
IL,Illinois
NJ,New Jersey
IA,Iowa
FL,Florida
TX,Texas
OH,Ohio
CA,California
TX,Texas
FL,Florida
OH,Ohio
TX,Texas
NJ,New Jersey
AL,Alabama
MO,Missouri
FL,Florida
,
,
CA,California
NE,Nebraska
TX,Texas
MS,Mississippi
TX,Texas
CA,California
WA,Washington
PA,Pennsylvania
NY,New York
OH,Ohio
MO,Missouri
VA,Virginia
KY,Kentucky
GA,Georgia
TX,Texas
,
,
NJ,New Jersey
TX,Texas
NV,Nevada
TX,Texas
OR,Oregon
VA,Virginia
MS,Mississippi
CA,California
IL,Illinois
NY,New York
CO,Colorado
CA,California
PA,Pennsylvania
MO,Missouri
TX,Texas
,
,
NY,New York
TX,Texas
FL,Florida
DC,Washington DC
TX,Texas
IA,Iowa
PA,Pennsylvania
VA,Virginia
WA,Washington
FL,Florida
MA,Massachusetts
HI,Hawaii
NY,New York
FL,Florida
UT,Utah
CA,California
MD,Maryland
NC,North Carolina
IL,Illinois
VA,Virginia
NJ,New Jersey
NY,New York
PA,Pennsylvania
NJ,New Jersey
MO,Missouri
MD,Maryland
KS,Kansas
GA,Georgia
,
,
,
,
,
,
CA,California
NJ,New Jersey
TX,Texas
TX,Texas
WA,Washington
TX,Texas
TX,Texas
TX,Texas
NY,New York
,
,
OH,Ohio
AL,Alabama
TX,Texas
SC,South Carolina
MI,Michigan
NJ,New Jersey
CO,Colorado
PA,Pennsylvania
KS,Kansas
KY,Kentucky
IL,Illinois
TX,Texas
NC,North Carolina
CO,Colorado
GA,Georgia
NJ,New Jersey
NC,North Carolina
MA,Massachusetts
IN,Indiana
VA,Virginia
TX,Texas
MI,Michigan
FL,Florida
MI,Michigan
WV,West Virginia
MA,Massachusetts
CA,California
MS,Mississippi
MA,Massachusetts
,
,
,
,
WI,Wisconsin
WI,Wisconsin
MS,Mississippi
MI,Michigan
FL,Florida
LA,Louisiana
IL,Illinois
WA,Washington
MI,Michigan
TX,Texas
TX,Texas
TX,Texas
CA,California
MT,Montana
IN,Indiana
MO,Missouri
IN,Indiana
CO,Colorado
TN,Tennessee
,
MO,Missouri
OH,Ohio
NJ,New Jersey
MN,Minnesota
NE,Nebraska
MA,Massachusetts
MD,Maryland
IL,Illinois
PA,Pennsylvania
MI,Michigan
NY,New York
OK,Oklahoma
CA,California
NJ,New Jersey
IA,Iowa
,
,
,
TX,Texas
NY,New York
AZ,Arizona
KY,Kentucky
MI,Michigan
CA,California
WI,Wisconsin
GA,Georgia
DC,Washington DC
WA,Washington
OH,Ohio
CA,California
NJ,New Jersey
PA,Pennsylvania
LA,Louisiana
AZ,Arizona
NY,New York
OR,Oregon
NC,North Carolina
AZ,Arizona
TX,Texas
MA,Massachusetts
TX,Texas
MI,Michigan
IL,Illinois
OR,Oregon
OH,Ohio
WI,Wisconsin
LA,Louisiana
GA,Georgia
,
,
,
,
,
TX,Texas
CA,California
MD,Maryland
PA,Pennsylvania
OK,Oklahoma
MO,Missouri
OH,Ohio
VA,Virginia
KS,Kansas
NH,New Hampshire
CA,California
KY,Kentucky
LA,Louisiana
WV,West Virginia
CO,Colorado
NY,New York
OH,Ohio
TX,Texas
OH,Ohio
NJ,New Jersey
AR,Arkansas
OH,Ohio
MN,Minnesota
CA,California
MA,Massachusetts
FL,Florida
NY,New York
WV,West Virginia
KY,Kentucky
NJ,New Jersey
MI,Michigan
VA,Virginia
CA,California
SC,South Carolina
SC,South Carolina
NY,New York
CA,California
AR,Arkansas
NY,New York
,
,
,
,
,
,
CA,California
RI,Rhode Island
OH,Ohio
OH,Ohio
CA,California
KS,Kansas
NY,New York
TN,Tennessee
CO,Colorado
NJ,New Jersey
NY,New York
CA,California
TX,Texas
GA,Georgia
OK,Oklahoma
NH,New Hampshire
KS,Kansas
KS,Kansas
NY,New York
NC,North Carolina
CA,California
MA,Massachusetts
IL,Illinois
PA,Pennsylvania
CA,California
WI,Wisconsin
MN,Minnesota
MO,Missouri
FL,Florida
AR,Arkansas
,
,
NY,New York
PA,Pennsylvania
LA,Louisiana
ME,Maine
GA,Georgia
IL,Illinois
NY,New York
NY,New York
WA,Washington
TX,Texas
VA,Virginia
NY,New York
MI,Michigan
ID,Idaho
FL,Florida
TX,Texas
CA,California
TN,Tennessee
AZ,Arizona
TX,Texas
MN,Minnesota
AZ,Arizona
NY,New York
,
TX,Texas
OK,Oklahoma
NE,Nebraska
NY,New York
VA,Virginia
CT,Connecticut
FL,Florida
IL,Illinois
CO,Colorado
CA,California
NJ,New Jersey
IL,Illinois
FL,Florida
CA,California
CA,California
KY,Kentucky
CT,Connecticut
MA,Massachusetts
WA,Washington
MI,Michigan
LA,Louisiana
MO,Missouri
CA,California
PA,Pennsylvania
MD,Maryland
NV,Nevada
ID,Idaho
MA,Massachusetts
FL,Florida
AZ,Arizona
,
,
,
CA,California
MO,Missouri
OK,Oklahoma
CA,California
OH,Ohio
CA,California
OR,Oregon
MA,Massachusetts
MO,Missouri
CA,California
TX,Texas
CT,Connecticut
WA,Washington
OH,Ohio
PA,Pennsylvania
OH,Ohio
MA,Massachusetts
ND,North Dakota
TX,Texas
NC,North Carolina
WI,Wisconsin
GA,Georgia
SD,South Dakota
AL,Alabama
NY,New York
ME,Maine
CA,California
IL,Illinois
,
,
,
,
,
,
IL,Illinois
FL,Florida
CA,California
VA,Virginia
TX,Texas
NY,New York
IL,Illinois
SC,South Carolina
GA,Georgia
AZ,Arizona
PA,Pennsylvania
NY,New York
WA,Washington
KY,Kentucky
CA,California
PA,Pennsylvania
CT,Connecticut
PA,Pennsylvania
,
,
,
,
,
LA,Louisiana
NY,New York
CA,California
KS,Kansas
NY,New York
AZ,Arizona
GA,Georgia
KY,Kentucky
NC,North Carolina
CA,California
CO,Colorado
CA,California
TX,Texas
CO,Colorado
PA,Pennsylvania
IL,Illinois
CA,California
MD,Maryland
CA,California
MD,Maryland
CA,California
WI,Wisconsin
MA,Massachusetts
IL,Illinois
MA,Massachusetts
CO,Colorado
IL,Illinois
TX,Texas
OH,Ohio
IA,Iowa
MI,Michigan
LA,Louisiana
OR,Oregon
FL,Florida
HI,Hawaii
CA,California
WY,Wyoming
,
,
,
,
,
,
,
,
OH,Ohio
OH,Ohio
CA,California
CO,Colorado
CA,California
TX,Texas
NJ,New Jersey
LA,Louisiana
KY,Kentucky
OH,Ohio
OH,Ohio
SC,South Carolina
TN,Tennessee
CA,California
MO,Missouri
CO,Colorado
OK,Oklahoma
MI,Michigan
CO,Colorado
CA,California
NY,New York
TX,Texas
PA,Pennsylvania
TN,Tennessee
AL,Alabama
NY,New York
CO,Colorado
NC,North Carolina
,
,
,
,
CA,California
WA,Washington
LA,Louisiana
VA,Virginia
NY,New York
TX,Texas
KY,Kentucky
OH,Ohio
FL,Florida
DE,Delaware
OH,Ohio
,
,
,
,
,
TN,Tennessee
OR,Oregon
AR,Arkansas
MA,Massachusetts
MI,Michigan
,
,
CA,California
MD,Maryland
WI,Wisconsin
AR,Arkansas
WA,Washington
CO,Colorado
OH,Ohio
MA,Massachusetts
OH,Ohio
TN,Tennessee
OH,Ohio
CA,California
,
,
IL,Illinois
OK,Oklahoma
NJ,New Jersey
WI,Wisconsin
TX,Texas
OH,Ohio
GA,Georgia
CA,California
FL,Florida
PA,Pennsylvania
AR,Arkansas
CT,Connecticut
TX,Texas
NY,New York
AL,Alabama
IN,Indiana
PA,Pennsylvania
MI,Michigan
GA,Georgia
,
WV,West Virginia
NY,New York
NJ,New Jersey
IL,Illinois
MN,Minnesota
NY,New York
,
MA,Massachusetts
MT,Montana
CA,California
IL,Illinois
CA,California
IN,Indiana
CA,California
TX,Texas
TX,Texas
MN,Minnesota
OK,Oklahoma
,
,
TX,Texas
MO,Missouri
PA,Pennsylvania
CA,California
CO,Colorado
PA,Pennsylvania
,
,
,
,
WA,Washington
IL,Illinois
TX,Texas
MN,Minnesota
CA,California
VT,Vermont
CA,California
ND,North Dakota
NH,New Hampshire
TX,Texas
VA,Virginia
GA,Georgia
DE,Delaware
OH,Ohio
,
,
,
GA,Georgia
ND,North Dakota
WI,Wisconsin
NJ,New Jersey
NY,New York
OH,Ohio
TX,Texas
IL,Illinois
CA,California
GA,Georgia
KS,Kansas
,
,
PA,Pennsylvania
AK,Alaska
MN,Minnesota
,
,
,
MI,Michigan
PA,Pennsylvania
TX,Texas
KY,Kentucky
IL,Illinois
MA,Massachusetts
CA,California
MI,Michigan
,
,
MI,Michigan
WV,West Virginia
WA,Washington
,
,
,
NY,New York
AZ,Arizona
CA,California
CA,California
VT,Vermont
,
,
MP,
MI,Michigan
CA,California
FL,Florida
CT,Connecticut
IN,Indiana
CA,California
PA,Pennsylvania
MN,Minnesota
ND,North Dakota
WI,Wisconsin
KS,Kansas
FL,Florida
MI,Michigan
WI,Wisconsin
MI,Michigan
,
TX,Texas
WA,Washington
SC,South Carolina
,
,
,
CA,California
CA,California
CT,Connecticut
CT,Connecticut
,
,
CA,California
AR,Arkansas
NY,New York
MN,Minnesota
MN,Minnesota
GA,Georgia
MA,Massachusetts
,
NY,New York
MD,Maryland
KY,Kentucky
NY,New York
NJ,New Jersey
MI,Michigan
KS,Kansas
,
,
,
,
NJ,New Jersey
FL,Florida
MA,Massachusetts
WI,Wisconsin
FL,Florida
WA,Washington
KS,Kansas
AR,Arkansas
MI,Michigan
,
NM,New Mexico
GA,Georgia
TX,Texas
,
,
,
MA,Massachusetts
NC,North Carolina
VA,Virginia
VA,Virginia
MA,Massachusetts
TX,Texas
CA,California
,
,
IA,Iowa
AL,Alabama
IL,Illinois
TN,Tennessee
TX,Texas
,
,
,
NY,New York
NE,Nebraska
TX,Texas
GA,Georgia
MI,Michigan
UT,Utah
WA,Washington
VA,Virginia
LA,Louisiana
,
,
IL,Illinois
TX,Texas
CA,California
GA,Georgia
PA,Pennsylvania
KS,Kansas
MA,Massachusetts
TX,Texas
CA,California
CO,Colorado
,
,
,
,
SC,South Carolina
IL,Illinois
TX,Texas
NM,New Mexico
MI,Michigan
NY,New York
CO,Colorado
AL,Alabama
IN,Indiana
WI,Wisconsin
,
,
,
HI,Hawaii
FL,Florida
CO,Colorado
NJ,New Jersey
MI,Michigan
MI,Michigan
LA,Louisiana
LA,Louisiana
,
,
WA,Washington
CA,California
PA,Pennsylvania
MI,Michigan
NY,New York
FL,Florida
,
MN,Minnesota
IL,Illinois
NJ,New Jersey
CA,California
MN,Minnesota
FL,Florida
CA,California
KY,Kentucky
CA,California
TX,Texas
CA,California
SC,South Carolina
TX,Texas
TN,Tennessee
LA,Louisiana
CA,California
CA,California
CA,California
NY,New York
OH,Ohio
PA,Pennsylvania
,
,
,
,
,
NC,North Carolina
CA,California
PA,Pennsylvania
TN,Tennessee
CA,California
AZ,Arizona
FL,Florida
KY,Kentucky
PA,Pennsylvania
CA,California
MI,Michigan
VT,Vermont
NJ,New Jersey
NY,New York
MI,Michigan
NY,New York
CT,Connecticut
OK,Oklahoma
CA,California
NY,New York
OR,Oregon
MS,Mississippi
OH,Ohio
MI,Michigan
TN,Tennessee
MO,Missouri
NY,New York
IL,Illinois
MA,Massachusetts
GA,Georgia
OH,Ohio
SC,South Carolina
NC,North Carolina
IL,Illinois
WA,Washington
CA,California
NY,New York
,
FL,Florida
VA,Virginia
IL,Illinois
,
NY,New York
CA,California
OH,Ohio
IA,Iowa
MA,Massachusetts
TX,Texas
IN,Indiana
CO,Colorado
,
,
MD,Maryland
CA,California
MA,Massachusetts
PA,Pennsylvania
TX,Texas
NC,North Carolina
TN,Tennessee
MO,Missouri
NE,Nebraska
GA,Georgia
CT,Connecticut
IL,Illinois
KY,Kentucky
WI,Wisconsin
,
,
CO,Colorado
IN,Indiana
OR,Oregon
PA,Pennsylvania
NE,Nebraska
KS,Kansas
SC,South Carolina
CA,California
ID,Idaho
MO,Missouri
WY,Wyoming
MO,Missouri
IL,Illinois
MA,Massachusetts
MI,Michigan
WI,Wisconsin
TN,Tennessee
,
MS,Mississippi
MT,Montana
AZ,Arizona
,
,
IA,Iowa
FL,Florida
UT,Utah
MA,Massachusetts
CA,California
FL,Florida
OH,Ohio
,
,
,
MI,Michigan
MA,Massachusetts
OH,Ohio
DC,Washington DC
TX,Texas
CA,California
OH,Ohio
WA,Washington
,
,
NC,North Carolina
WI,Wisconsin
FL,Florida
,
,
DC,Washington DC
TN,Tennessee
IL,Illinois
LA,Louisiana
OH,Ohio
NY,New York
MI,Michigan
MN,Minnesota
CA,California
KS,Kansas
WI,Wisconsin
,
,
WA,Washington
IL,Illinois
TX,Texas
CA,California
AZ,Arizona
CO,Colorado
RI,Rhode Island
LA,Louisiana
,
,
MD,Maryland
FL,Florida
MA,Massachusetts
CA,California
GA,Georgia
TN,Tennessee
,
,
,
MI,Michigan
OK,Oklahoma
TX,Texas
FL,Florida
VA,Virginia
NJ,New Jersey
IN,Indiana
MI,Michigan
WI,Wisconsin
WY,Wyoming
,
,
OK,Oklahoma
NC,North Carolina
TX,Texas
TX,Texas
,
NY,New York
CA,California
TX,Texas
AL,Alabama
WY,Wyoming
PA,Pennsylvania
TX,Texas
NY,New York
LA,Louisiana
PA,Pennsylvania
MD,Maryland
MA,Massachusetts
TN,Tennessee
TX,Texas
IN,Indiana
,
,
,
NE,Nebraska
PA,Pennsylvania
FL,Florida
NM,New Mexico
WV,West Virginia
MI,Michigan
NY,New York
AK,Alaska
MO,Missouri
OK,Oklahoma
NC,North Carolina
WY,Wyoming
,
IL,Illinois
IN,Indiana
ND,North Dakota
IA,Iowa
CA,California
FL,Florida
TX,Texas
CA,California
GA,Georgia
SC,South Carolina
,
NY,New York
TX,Texas
WI,Wisconsin
VT,Vermont
CA,California
IL,Illinois
IL,Illinois
MI,Michigan
,
CA,California
TX,Texas
MO,Missouri
IN,Indiana
OR,Oregon
NJ,New Jersey
GA,Georgia
VA,Virginia
IL,Illinois
OK,Oklahoma
CA,California
NY,New York
OH,Ohio
MO,Missouri
VA,Virginia
FL,Florida
IN,Indiana
FL,Florida
NY,New York
VA,Virginia
MD,Maryland
NY,New York
,
IL,Illinois
TX,Texas
NY,New York
CA,California
WI,Wisconsin
AR,Arkansas
TN,Tennessee
FL,Florida
CA,California
IL,Illinois
UT,Utah
UT,Utah
CA,California
,
GA,Georgia
OK,Oklahoma
MN,Minnesota
IL,Illinois
ME,Maine
TX,Texas
WI,Wisconsin
NV,Nevada
OH,Ohio
NJ,New Jersey
TX,Texas
TN,Tennessee
CA,California
CA,California
,
OH,Ohio
DE,Delaware
MD,Maryland
KY,Kentucky
PA,Pennsylvania
NJ,New Jersey
WA,Washington
TN,Tennessee
MI,Michigan
TN,Tennessee
CA,California
CA,California
GA,Georgia
CA,California
NY,New York
LA,Louisiana
GA,Georgia
GA,Georgia
NY,New York
NY,New York
TX,Texas
NY,New York
NY,New York
NC,North Carolina
MA,Massachusetts
MN,Minnesota
WY,Wyoming
MI,Michigan
PA,Pennsylvania
TX,Texas
NY,New York
CA,California
,
,
,
,
AR,Arkansas
GA,Georgia
NC,North Carolina
CA,California
OK,Oklahoma
CA,California
NY,New York
KY,Kentucky
MO,Missouri
MN,Minnesota
MI,Michigan
RI,Rhode Island
KY,Kentucky
WY,Wyoming
AK,Alaska
OH,Ohio
MN,Minnesota
IA,Iowa
LA,Louisiana
FL,Florida
MO,Missouri
IA,Iowa
IL,Illinois
CA,California
TX,Texas
MI,Michigan
IL,Illinois
TX,Texas
IA,Iowa
AR,Arkansas
GA,Georgia
IL,Illinois
CA,California
NC,North Carolina
IL,Illinois
TX,Texas
TN,Tennessee
NJ,New Jersey
NJ,New Jersey
FL,Florida
FL,Florida
CA,California
MN,Minnesota
LA,Louisiana
VA,Virginia
CA,California
ME,Maine
NJ,New Jersey
NC,North Carolina
MI,Michigan
OH,Ohio
MI,Michigan
TX,Texas
,
,
MO,Missouri
NC,North Carolina
IN,Indiana
CA,California
KS,Kansas
AZ,Arizona
MN,Minnesota
MA,Massachusetts
TN,Tennessee
ME,Maine
PA,Pennsylvania
CA,California
WA,Washington
IL,Illinois
WI,Wisconsin
IN,Indiana
IN,Indiana
NV,Nevada
OK,Oklahoma
FL,Florida
NC,North Carolina
PA,Pennsylvania
CA,California
PA,Pennsylvania
CA,California
CA,California
ID,Idaho
AL,Alabama
CA,California
PA,Pennsylvania
OR,Oregon
TX,Texas
NC,North Carolina
MN,Minnesota
,
,
WV,West Virginia
AZ,Arizona
NJ,New Jersey
WV,West Virginia
OH,Ohio
MO,Missouri
CA,California
IL,Illinois
NY,New York
OH,Ohio
CT,Connecticut
AL,Alabama
MI,Michigan
NC,North Carolina
MI,Michigan
GA,Georgia
AR,Arkansas
CO,Colorado
LA,Louisiana
MI,Michigan
WY,Wyoming
OK,Oklahoma
FL,Florida
GA,Georgia
,
OH,Ohio
MA,Massachusetts
NH,New Hampshire
OR,Oregon
CO,Colorado
MN,Minnesota
TN,Tennessee
NY,New York
MO,Missouri
OK,Oklahoma
MT,Montana
TX,Texas
NY,New York
PA,Pennsylvania
IL,Illinois
MD,Maryland
WA,Washington
WA,Washington
IL,Illinois
CA,California
FL,Florida
CA,California
CA,California
MI,Michigan
TN,Tennessee
OH,Ohio
VA,Virginia
OH,Ohio
,
,
TX,Texas
IL,Illinois
TX,Texas
OH,Ohio
CA,California
FL,Florida
FL,Florida
KS,Kansas
IL,Illinois
CA,California
MN,Minnesota
OH,Ohio
FL,Florida
NY,New York
FL,Florida
KY,Kentucky
FL,Florida
MN,Minnesota
IL,Illinois
TX,Texas
TX,Texas
GA,Georgia
IN,Indiana
WA,Washington
NJ,New Jersey
KS,Kansas
CA,California
IL,Illinois
LA,Louisiana
GA,Georgia
CA,California
ND,North Dakota
TX,Texas
IL,Illinois
,
,
,
,
,
,
,
,
TX,Texas
WI,Wisconsin
OH,Ohio
TX,Texas
WI,Wisconsin
IA,Iowa
PA,Pennsylvania
SC,South Carolina
FL,Florida
FL,Florida
IN,Indiana
TN,Tennessee
OH,Ohio
SC,South Carolina
MS,Mississippi
GA,Georgia
CA,California
IL,Illinois
NM,New Mexico
NY,New York
NY,New York
TX,Texas
TN,Tennessee
WA,Washington
NC,North Carolina
FL,Florida
VA,Virginia
OH,Ohio
MN,Minnesota
LA,Louisiana
IL,Illinois
,
,
,
,
PA,Pennsylvania
MA,Massachusetts
MS,Mississippi
CA,California
NY,New York
MD,Maryland
CA,California
PA,Pennsylvania
FL,Florida
GA,Georgia
IL,Illinois
DC,Washington DC
GA,Georgia
NV,Nevada
AL,Alabama
FL,Florida
TX,Texas
IL,Illinois
KS,Kansas
NJ,New Jersey
OH,Ohio
AL,Alabama
CA,California
SC,South Carolina
CA,California
NM,New Mexico
WI,Wisconsin
AL,Alabama
MO,Missouri
PA,Pennsylvania
AL,Alabama
PA,Pennsylvania
CA,California
NY,New York
GA,Georgia
,
IL,Illinois
FL,Florida
KY,Kentucky
CA,California
IL,Illinois
GA,Georgia
NE,Nebraska
NY,New York
NY,New York
MO,Missouri
IL,Illinois
NJ,New Jersey
AL,Alabama
NY,New York
MI,Michigan
IL,Illinois
FL,Florida
NC,North Carolina
WY,Wyoming
OH,Ohio
AK,Alaska
WA,Washington
FL,Florida
WY,Wyoming
NC,North Carolina
OH,Ohio
IL,Illinois
NY,New York
OK,Oklahoma
,
,
,
,
PA,Pennsylvania
NV,Nevada
MN,Minnesota
PA,Pennsylvania
TX,Texas
PA,Pennsylvania
NJ,New Jersey
TX,Texas
MN,Minnesota
NY,New York
CA,California
OH,Ohio
NY,New York
MD,Maryland
FL,Florida
MN,Minnesota
NY,New York
CA,California
HI,Hawaii
VA,Virginia
PA,Pennsylvania
WI,Wisconsin
PA,Pennsylvania
MI,Michigan
NC,North Carolina
IN,Indiana
MS,Mississippi
,
NJ,New Jersey
NY,New York
CA,California
IL,Illinois
CA,California
AR,Arkansas
IN,Indiana
NY,New York
WI,Wisconsin
TX,Texas
PA,Pennsylvania
IN,Indiana
NV,Nevada
PA,Pennsylvania
PA,Pennsylvania
ID,Idaho
CT,Connecticut
KY,Kentucky
UT,Utah
MO,Missouri
CA,California
MA,Massachusetts
NC,North Carolina
,
,
NY,New York
,
,
PA,Pennsylvania
TX,Texas
CA,California
VT,Vermont
NM,New Mexico
OH,Ohio
PA,Pennsylvania
TX,Texas
TN,Tennessee
NY,New York
OH,Ohio
AZ,Arizona
TN,Tennessee
TN,Tennessee
NJ,New Jersey
MN,Minnesota
IN,Indiana
NC,North Carolina
MO,Missouri
CT,Connecticut
MA,Massachusetts
MD,Maryland
TN,Tennessee
MN,Minnesota
FL,Florida
IN,Indiana
,
SC,South Carolina
WV,West Virginia
MD,Maryland
MO,Missouri
CO,Colorado
WA,Washington
TX,Texas
NY,New York
IN,Indiana
VA,Virginia
KY,Kentucky
NH,New Hampshire
MO,Missouri
MO,Missouri
TX,Texas
ND,North Dakota
SC,South Carolina
CA,California
MA,Massachusetts
CA,California
CA,California
CA,California
NY,New York
IN,Indiana
CO,Colorado
IL,Illinois
OH,Ohio
GA,Georgia
,
,
MI,Michigan
OH,Ohio
ME,Maine
IL,Illinois
OR,Oregon
TX,Texas
MA,Massachusetts
SC,South Carolina
MT,Montana
,
TX,Texas
MI,Michigan
CO,Colorado
WI,Wisconsin
NC,North Carolina
IN,Indiana
GA,Georgia
CA,California
MO,Missouri
,
CA,California
MI,Michigan
CA,California
NM,New Mexico
NC,North Carolina
CT,Connecticut
MA,Massachusetts
KY,Kentucky
PA,Pennsylvania
TX,Texas
CA,California
IN,Indiana
VA,Virginia
FL,Florida
MO,Missouri
CA,California
NY,New York
MI,Michigan
VT,Vermont
MN,Minnesota
NJ,New Jersey
NJ,New Jersey
NY,New York
OH,Ohio
,
,
MI,Michigan
MO,Missouri
CA,California
NJ,New Jersey
MO,Missouri
,
SC,South Carolina
CA,California
NY,New York
CA,California
NJ,New Jersey
WA,Washington
,
,
TX,Texas
WI,Wisconsin
OH,Ohio
,
NY,New York
CT,Connecticut
MO,Missouri
OR,Oregon
IN,Indiana
,
MI,Michigan
,
,
CA,California
CA,California
PA,Pennsylvania
,
,
,
MD,Maryland
TN,Tennessee
CA,California
TX,Texas
WI,Wisconsin
OR,Oregon
MI,Michigan
CT,Connecticut
MN,Minnesota
NY,New York
NC,North Carolina
KY,Kentucky
IL,Illinois
,
TN,Tennessee
NY,New York
,
MN,Minnesota
MA,Massachusetts
PA,Pennsylvania
NV,Nevada
CA,California
,
MS,Mississippi
AZ,Arizona
,
,
CA,California
FL,Florida
HI,Hawaii
MA,Massachusetts
NJ,New Jersey
NY,New York
OR,Oregon
CA,California
MD,Maryland
CA,California
MI,Michigan
NY,New York
MD,Maryland
OH,Ohio
NJ,New Jersey
AZ,Arizona
CA,California
CT,Connecticut
CO,Colorado
GA,Georgia
,
MN,Minnesota
LA,Louisiana
VA,Virginia
OK,Oklahoma
CA,California
IN,Indiana
NY,New York
CA,California
NV,Nevada
CA,California
NV,Nevada
CA,California
SD,South Dakota
PA,Pennsylvania
CO,Colorado
OH,Ohio
TX,Texas
CA,California
NC,North Carolina
TX,Texas
TX,Texas
TX,Texas
NH,New Hampshire
,
,
Connecticut,Connecticut
Georgia,Georgia
New York,New York
Missouri,Missouri
Pennsylvania,Pennsylvania
California,California
Virginia,Virginia
Arkansas,Arkansas
North Carolina,North Carolina
Illinois,Illinois
Illinois,Illinois
South Carolina,South Carolina
New Jersey,New Jersey
Florida,Florida
Texas,Texas
Arizona,Arizona
Virginia,Virginia
Texas,Texas
California,California
Michigan,Michigan
Louisiana,Louisiana
Florida,Florida
Pennsylvania,Pennsylvania
New York,New York
Arizona,Arizona
California,California
Michigan,Michigan
Minnesota,Minnesota
New York,New York
New York,New York
West Virginia,West Virginia
Texas,Texas
Ohio,Ohio
North Dakota,North Dakota
Maryland,Maryland
Georgia,Georgia
Virginia,Virginia
Colorado,Colorado
California,California
Minnesota,Minnesota
Virginia,Virginia
Kentucky,Kentucky
Virginia,Virginia
New Jersey,New Jersey
Kentucky,Kentucky
Illinois,Illinois
Virginia,Virginia
Texas,Texas
Ohio,Ohio
Mississippi,Mississippi
Florida,Florida
Georgia,Georgia
Texas,Texas
Massachusetts,Massachusetts
New York,New York
Louisiana,Louisiana
Florida,Florida
Kentucky,Kentucky
Indiana,Indiana
Missouri,Missouri
Minnesota,Minnesota
Massachusetts,Massachusetts
Tennessee,Tennessee
Texas,Texas
Florida,Florida
New Jersey,New Jersey
Florida,Florida
Illinois,Illinois
Massachusetts,Massachusetts
New Jersey,New Jersey
California,California
Minnesota,Minnesota
New Mexico,New Mexico
Pennsylvania,Pennsylvania
California,California
Pennsylvania,Pennsylvania
New Jersey,New Jersey
Florida,Florida
New York,New York
California,California
New York,New York
Oklahoma,Oklahoma
Utah,Utah
Mississippi,Mississippi
California,California
Pennsylvania,Pennsylvania
Kentucky,Kentucky
South Carolina,South Carolina
Indiana,Indiana
Ohio,Ohio
California,California
Hawaii,Hawaii
Ohio,Ohio
Ohio,Ohio
Illinois,Illinois
New York,New York
Virginia,Virginia
Wisconsin,Wisconsin
Utah,Utah
Colorado,Colorado
Missouri,Missouri
Iowa,Iowa
Virginia,Virginia
Illinois,Illinois
Minnesota,Minnesota
Utah,Utah
Ohio,Ohio
Wisconsin,Wisconsin
Washington,Washington
California,California
Iowa,Iowa
Missouri,Missouri
Hawaii,Hawaii
New Jersey,New Jersey
Michigan,Michigan
Arkansas,Arkansas
Michigan,Michigan
Washington,Washington
Georgia,Georgia
Texas,Texas
Minnesota,Minnesota
North Carolina,North Carolina
Michigan,Michigan
California,California
Pennsylvania,Pennsylvania
Alaska,Alaska
New York,New York
Pennsylvania,Pennsylvania
Louisiana,Louisiana
Florida,Florida
Washington DC,Washington DC
New Jersey,New Jersey
New York,New York
Nevada,Nevada
Pennsylvania,Pennsylvania
North Carolina,North Carolina
Minnesota,Minnesota
Illinois,Illinois
Montana,Montana
New Jersey,New Jersey
California,California
Illinois,Illinois
Ohio,Ohio
New Jersey,New Jersey
Florida,Florida
California,California
Pennsylvania,Pennsylvania
Alabama,Alabama
Florida,Florida
Oregon,Oregon
Virginia,Virginia
New York,New York
Illinois,Illinois
North Carolina,North Carolina
Utah,Utah
California,California
Texas,Texas
North Carolina,North Carolina
Oklahoma,Oklahoma
Pennsylvania,Pennsylvania
Pennsylvania,Pennsylvania
Pennsylvania,Pennsylvania
Indiana,Indiana
Louisiana,Louisiana
Georgia,Georgia
Ohio,Ohio
North Carolina,North Carolina
Florida,Florida
Florida,Florida
New York,New York
Michigan,Michigan
Michigan,Michigan
Arkansas,Arkansas
Kentucky,Kentucky
New York,New York
South Carolina,South Carolina
Oklahoma,Oklahoma
North Carolina,North Carolina
Mississippi,Mississippi
Arkansas,Arkansas
South Carolina,South Carolina
Michigan,Michigan
Utah,Utah
Massachusetts,Massachusetts
Michigan,Michigan
California,California
New Jersey,New Jersey
Florida,Florida
Texas,Texas
Pennsylvania,Pennsylvania
Washington,Washington
California,California
California,California
Ohio,Ohio
California,California
Georgia,Georgia
California,California
Oklahoma,Oklahoma
Texas,Texas
Illinois,Illinois
Texas,Texas
Missouri,Missouri
Georgia,Georgia
Ohio,Ohio
Florida,Florida
Texas,Texas
Georgia,Georgia
Ohio,Ohio
Kansas,Kansas
North Carolina,North Carolina
Indiana,Indiana
Pennsylvania,Pennsylvania
Wisconsin,Wisconsin
Oregon,Oregon
Texas,Texas
New York,New York
Maine,Maine
Rhode Island,Rhode Island
New Jersey,New Jersey
Minnesota,Minnesota
Illinois,Illinois
Wisconsin,Wisconsin
North Carolina,North Carolina
New Jersey,New Jersey
California,California
Hawaii,Hawaii
Washington,Washington
New York,New York
California,California
California,California
Maryland,Maryland
Alabama,Alabama
Illinois,Illinois
Massachusetts,Massachusetts
New York,New York
California,California
Florida,Florida
Texas,Texas
California,California
Louisiana,Louisiana
New Jersey,New Jersey
Virginia,Virginia
Virginia,Virginia
California,California
Minnesota,Minnesota
Florida,Florida
Texas,Texas
Illinois,Illinois
Washington,Washington
Michigan,Michigan
Massachusetts,Massachusetts
Wisconsin,Wisconsin
California,California
California,California
Michigan,Michigan
New York,New York
Minnesota,Minnesota
Maine,Maine
West Virginia,West Virginia
Pennsylvania,Pennsylvania
Virginia,Virginia
Alaska,Alaska
Idaho,Idaho
California,California
North Carolina,North Carolina
New Jersey,New Jersey
Indiana,Indiana
New Mexico,New Mexico
Massachusetts,Massachusetts
California,California
Texas,Texas
Colorado,Colorado
Georgia,Georgia
New York,New York
Pennsylvania,Pennsylvania
New York,New York
New York,New York
Tennessee,Tennessee
Pennsylvania,Pennsylvania
Illinois,Illinois
Massachusetts,Massachusetts
Florida,Florida
Florida,Florida
Missouri,Missouri
Illinois,Illinois
California,California
Nebraska,Nebraska
New York,New York
Tennessee,Tennessee
Colorado,Colorado
Tennessee,Tennessee
Wisconsin,Wisconsin
Indiana,Indiana
North Carolina,North Carolina
Massachusetts,Massachusetts
New Jersey,New Jersey
North Carolina,North Carolina
North Carolina,North Carolina
Georgia,Georgia
Florida,Florida
Michigan,Michigan
Kansas,Kansas
New Jersey,New Jersey
Ohio,Ohio
Georgia,Georgia
Washington,Washington
Arkansas,Arkansas
Michigan,Michigan
Pennsylvania,Pennsylvania
Mississippi,Mississippi
Arizona,Arizona
New York,New York
Indiana,Indiana
Oregon,Oregon
Ohio,Ohio
California,California
California,California
Oregon,Oregon
Florida,Florida
California,California
Arizona,Arizona
Vermont,Vermont
Georgia,Georgia
Oklahoma,Oklahoma
New York,New York
Ohio,Ohio
Connecticut,Connecticut
New Jersey,New Jersey
California,California
California,California
New York,New York
New York,New York
Utah,Utah
Indiana,Indiana
Iowa,Iowa
Ohio,Ohio
Ohio,Ohio
Texas,Texas
Ohio,Ohio
Maryland,Maryland
Pennsylvania,Pennsylvania
Montana,Montana
Arizona,Arizona
Illinois,Illinois
Florida,Florida
Wisconsin,Wisconsin
Kansas,Kansas
Illinois,Illinois
New York,New York
New York,New York
Delaware,Delaware
Iowa,Iowa
Texas,Texas
Illinois,Illinois
Indiana,Indiana
Connecticut,Connecticut
Pennsylvania,Pennsylvania
Maryland,Maryland
Texas,Texas
California,California
Maryland,Maryland
Oklahoma,Oklahoma
Ohio,Ohio
Washington DC,Washington DC
Pennsylvania,Pennsylvania
Arizona,Arizona
New Jersey,New Jersey
North Carolina,North Carolina
Pennsylvania,Pennsylvania
Texas,Texas
Georgia,Georgia
New York,New York
Illinois,Illinois
Virginia,Virginia
Ohio,Ohio
Montana,Montana
Tennessee,Tennessee
Florida,Florida
Texas,Texas
California,California
Texas,Texas
California,California
Florida,Florida
Wisconsin,Wisconsin
Michigan,Michigan
West Virginia,West Virginia
New Hampshire,New Hampshire
Kentucky,Kentucky
Florida,Florida
Georgia,Georgia
California,California
Texas,Texas
Texas,Texas
New York,New York
Washington,Washington
Texas,Texas
California,California
Kentucky,Kentucky
Massachusetts,Massachusetts
New York,New York
Illinois,Illinois
South Carolina,South Carolina
California,California
Virginia,Virginia
Indiana,Indiana
New Jersey,New Jersey
North Carolina,North Carolina
New York,New York
North Carolina,North Carolina
California,California
Illinois,Illinois
New Jersey,New Jersey
West Virginia,West Virginia
Illinois,Illinois
Indiana,Indiana
Louisiana,Louisiana
Virginia,Virginia
Ohio,Ohio
California,California
Ohio,Ohio
California,California
South Carolina,South Carolina
California,California
New York,New York
Texas,Texas
California,California
Oregon,Oregon
Florida,Florida
West Virginia,West Virginia
California,California
Wisconsin,Wisconsin
Wisconsin,Wisconsin
Texas,Texas
Florida,Florida
New York,New York
Texas,Texas
Pennsylvania,Pennsylvania
California,California
Pennsylvania,Pennsylvania
Washington,Washington
Massachusetts,Massachusetts
Indiana,Indiana
Virginia,Virginia
Utah,Utah
California,California
Florida,Florida
